Rang,Name,1970,1980,1990,2000,2010,2018,Bundesland
1.,Berlin,3.208.719,3.048.759,3.433.695,3.382.169,3.460.725,3.644.826,Berlin
2.,Hamburg,1.793.640,1.645.095,1.652.363,1.715.392,1.786.448,1.841.179,Hamburg
3.,München,1.311.978,1.298.941,1.229.026,1.210.223,1.353.186,1.471.508,Bayern
4.,Köln,849.451,976.694,953.551,962.884,1.007.119,1.085.664,Nordrhein-Westfalen
5.,Frankfurt am Main,666.179,629.375,644.865,646.550,679.664,753.056,Hessen
6.,Stuttgart,634.202,580.648,579.988,583.874,606.588,634.830,Baden-Württemberg
7.,Düsseldorf,660.963,590.479,575.794,569.364,588.735,619.294,Nordrhein-Westfalen
8.,Leipzig,583.885,562.480,511.079,493.208,522.883,587.857,Sachsen
9.,Dortmund,640.642,608.297,599.055,588.994,580.444,587.010,Nordrhein-Westfalen
10.,Essen,696.419,647.643,626.973,595.243,574.635,583.109,Nordrhein-Westfalen
11.,Bremen,592.533,555.118,551.219,539.403,547.340,569.352,Bremen
12.,Dresden,502.432,516.225,490.571,477.807,523.058,554.649,Sachsen
13.,Hannover,521.003,534.623,513.010,515.001,522.686,538.068,Niedersachsen
14.,Nürnberg,478.181,484.405,493.692,488.400,505.664,518.365,Bayern
15.,Duisburg,452.721,558.089,535.447,514.915,489.559,498.590,Nordrhein-Westfalen
16.,Bochum,343.809,400.757,396.486,391.147,374.737,364.628,Nordrhein-Westfalen
17.,Wuppertal,417.694,393.381,383.660,366.434,349.721,354.382,Nordrhein-Westfalen
18.,Bielefeld,168.609,312.708,319.037,321.758,323.270,333.786,Nordrhein-Westfalen
19.,Bonn,275.722,288.148,292.234,302.247,324.899,327.258,Nordrhein-Westfalen
20.,Münster,198.878,269.696,259.438,265.609,279.803,314.319,Nordrhein-Westfalen
21.,Karlsruhe,259.091,271.892,275.061,278.558,294.761,313.092,Baden-Württemberg
22.,Mannheim,332.378,304.303,310.411,306.729,313.174,309.370,Baden-Württemberg
23.,Augsburg,213.230,248.346,256.877,254.982,264.708,295.135,Bayern
24.,Wiesbaden,250.715,274.464,260.301,270.109,275.976,278.342,Hessen
25.,Mönchengladbach,151.085,258.424,259.436,263.014,257.993,261.454,Nordrhein-Westfalen
26.,Gelsenkirchen,347.074,304.386,293.714,278.695,257.981,260.654,Nordrhein-Westfalen
27.,Braunschweig,223.275,261.141,258.833,245.816,248.867,248.292,Niedersachsen
28.,Kiel,271.042,250.062,245.567,232.612,239.526,247.548,Schleswig-Holstein
29.,Aachen,175.451,243.947,241.861,244.386,258.664,247.380,Nordrhein-Westfalen
30.,Chemnitz1,299.411,317.644,294.244,259.246,243.248,247.237,Sachsen
31.,Halle (Saale),257.261,232.294,310.234,247.736,232.963,239.257,Sachsen-Anhalt
32.,Magdeburg,272.237,289.032,278.807,231.450,231.525,238.697,Sachsen-Anhalt
33.,Freiburg im Breisgau,163.568,175.106,191.029,205.102,224.191,230.241,Baden-Württemberg
34.,Krefeld,222.666,223.969,244.020,239.916,235.076,227.020,Nordrhein-Westfalen
35.,Lübeck,239.955,220.588,214.758,213.399,210.232,217.198,Schleswig-Holstein
36.,Mainz,174.858,187.392,179.486,182.870,199.237,217.118,Rheinland-Pfalz
37.,Erfurt,195.994,211.575,208.989,200.564,204.994,213.699,Thüringen
38.,Oberhausen,246.199,228.947,223.840,222.151,212.945,210.829,Nordrhein-Westfalen
39.,Rostock,198.636,232.506,248.088,200.506,202.735,208.886,Mecklenburg-Vorpommern
40.,Kassel,214.785,195.912,194.268,194.766,195.530,201.585,Hessen
41.,Hagen,201.042,218.927,214.449,203.151,188.529,188.814,Nordrhein-Westfalen
42.,Saarbrücken,128.251,193.554,191.694,183.257,175.741,180.741,Saarland
43.,Hamm,84.629,171.869,179.639,182.427,181.783,179.111,Nordrhein-Westfalen
44.,Potsdam,111.336,130.900,139.794,129.324,156.906,178.089,Brandenburg
45.,Ludwigshafen am Rhein,176.257,159.399,162.233,163.383,164.351,171.061,Rheinland-Pfalz
46.,Mülheim an der Ruhr,192.183,181.279,177.681,172.862,167.344,170.880,Nordrhein-Westfalen
47.,Oldenburg,131.545,136.764,143.131,154.832,162.173,168.210,Niedersachsen
48.,Osnabrück,144.864,157.367,163.168,164.101,164.119,164.748,Niedersachsen
49.,Leverkusen,107.626,160.825,160.919,161.047,160.772,163.838,Nordrhein-Westfalen
50.,Heidelberg,121.398,133.227,136.796,140.259,147.312,160.355,Baden-Württemberg
51.,Solingen,177.124,166.085,165.401,164.973,159.927,159.360,Nordrhein-Westfalen
52.,Darmstadt,141.847,138.201,138.920,138.242,144.402,159.207,Hessen
53.,Herne,103.849,182.542,178.132,174.529,164.762,156.374,Nordrhein-Westfalen
54.,Neuss,116.013,149.334,147.019,150.013,151.388,153.796,Nordrhein-Westfalen
55.,Regensburg,130.888,132.604,121.691,125.676,135.520,152.610,Bayern
56.,Paderborn,68.207,110.155,120.680,139.084,146.283,150.580,Nordrhein-Westfalen
57.,Ingolstadt,70.594,90.490,105.489,115.722,125.088,136.981,Bayern
58.,Offenbach am Main,118.841,110.993,114.992,117.535,120.435,128.744,Hessen
59.,Würzburg,116.395,128.652,127.777,127.966,133.799,127.880,Bayern
60.,Fürth,94.415,99.088,103.362,110.477,114.628,127.748,Bayern
61.,Ulm,93.158,100.671,110.529,117.233,122.801,126.329,Baden-Württemberg
62.,Heilbronn,102.300,111.938,115.843,119.305,122.879,125.960,Baden-Württemberg
63.,Pforzheim,91.104,106.500,112.944,117.156,119.781,125.542,Baden-Württemberg
64.,Wolfsburg,90.115,125.935,128.510,121.805,121.451,124.151,Niedersachsen
65.,Göttingen,109.892,129.656,121.831,124.132,121.060,119.801,Niedersachsen
66.,Bottrop,106.225,114.571,118.936,120.611,116.771,117.383,Nordrhein-Westfalen
67.,Reutlingen,79.705,95.456,103.687,110.650,112.484,115.966,Baden-Württemberg
68.,Koblenz,120.079,113.676,108.733,107.950,106.417,114.024,Rheinland-Pfalz
69.,Bremerhaven,142.919,138.728,130.446,120.822,113.366,113.634,Bremen
70.,Recklinghausen,125.369,119.418,125.060,124.785,118.365,112.267,Nordrhein-Westfalen
71.,Bergisch Gladbach,50.228,101.472,104.037,105.693,105.723,111.966,Nordrhein-Westfalen
72.,Erlangen,85.061,101.845,102.440,100.778,105.629,111.962,Bayern
73.,Jena,88.130,103.718,102.518,99.893,105.129,111.407,Thüringen
74.,Remscheid,136.822,129.082,123.155,119.287,110.563,110.994,Nordrhein-Westfalen
75.,Trier,103.598,95.536,97.835,99.410,105.260,110.636,Rheinland-Pfalz
76.,Salzgitter,119.031,113.600,114.355,112.302,102.394,104.948,Niedersachsen
77.,Moers,53.410,99.923,104.595,107.062,105.506,103.725,Nordrhein-Westfalen
78.,Siegen,57.563,112.320,109.174,108.476,103.424,102.836,Nordrhein-Westfalen
79.,Hildesheim,93.373,102.619,105.291,103.909,102.794,101.990,Niedersachsen
80.,Cottbus,83.444,113.479,125.891,108.491,102.091,100.219,Brandenburg
81.,Gütersloh,75.912,78.221,86.807,95.158,96.404,100.194,Nordrhein-Westfalen
82.,Kaiserslautern,100.696,98.745,99.351,99.825,99.184,99.845,Rheinland-Pfalz
83.,Witten,97.687,105.876,105.403,103.196,98.233,96.563,Nordrhein-Westfalen
84.,Hanau,55.492,86.402,86.913,88.294,88.637,96.023,Hessen
85.,Schwerin,97.389,121.175,127.447,101.267,95.220,95.818,Mecklenburg-Vorpommern
86.,Gera,111.535,125.383,129.037,112.835,99.262,94.152,Thüringen
87.,Esslingen am Neckar,87.371,90.835,91.685,89.667,91.869,93.542,Baden-Württemberg
88.,Ludwigsburg,78.111,81.589,82.343,87.146,87.735,93.499,Baden-Württemberg
89.,Iserlohn,57.321,93.823,96.314,98.790,94.966,92.666,Nordrhein-Westfalen
90.,Düren,53.755,85.913,86.508,91.801,92.820,90.733,Nordrhein-Westfalen
91.,Tübingen,55.168,73.132,80.372,81.128,88.358,90.546,Baden-Württemberg
92.,Zwickau,126.988,122.129,114.632,103.008,93.750,89.540,Sachsen
93.,Flensburg,95.366,87.862,86.977,84.281,88.759,89.504,Schleswig-Holstein
94.,Gießen,75.532,76.374,74.497,73.138,77.366,88.546,Hessen
95.,Ratingen,44.479,89.466,91.007,91.437,91.088,87.297,Nordrhein-Westfalen
96.,Lünen,71.826,85.872,87.845,92.017,87.530,86.449,Nordrhein-Westfalen
97.,Villingen-Schwenningen3,37.999,78.904,78.218,80.891,81.022,85.181,Baden-Württemberg
98.,Konstanz,61.614,68.305,75.089,78.087,84.693,84.760,Baden-Württemberg
99.,Marl,76.999,89.082,91.467,93.256,87.557,83.941,Nordrhein-Westfalen
100.,Worms,77.064,73.603,76.503,80.361,81.736,83.330,Rheinland-Pfalz
101.,Velbert,55.610,93.056,89.253,89.782,84.033,81.984,Nordrhein-Westfalen
102.,Minden,48.860,77.713,78.145,83.079,82.114,81.682,Nordrhein-Westfalen
103.,Dessau-Roßlau2,98.402,102.529,96.754,83.153,86.906,81.237,Sachsen-Anhalt
104.,Neumünster,86.133,80.145,80.743,79.831,76.830,79.487,Schleswig-Holstein
105.,Norderstedt,55.770,65.301,68.450,71.523,71.992,79.159,Schleswig-Holstein
106.,Delmenhorst,63.870,72.370,75.154,76.644,74.361,77.607,Niedersachsen
107.,Bamberg,70.384,71.928,70.521,69.036,70.004,77.592,Bayern
108.,Viersen,85.698,81.114,77.453,77.130,75.360,76.905,Nordrhein-Westfalen
109.,Marburg,47.230,76.419,74.146,77.390,80.656,76.851,Hessen
110.,Wilhelmshaven,102.978,99.230,90.561,85.287,81.324,76.278,Niedersachsen
111.,Rheine,50.076,71.432,70.452,75.886,76.530,76.107,Nordrhein-Westfalen
112.,Gladbeck,83.132,79.747,80.267,77.789,75.253,75.687,Nordrhein-Westfalen
113.,Lüneburg,59.763,62.225,61.870,67.398,72.983,75.351,Niedersachsen
114.,Troisdorf,51.941,58.618,64.430,72.678,75.369,74.903,Nordrhein-Westfalen
115.,Dorsten,39.551,70.287,78.035,81.063,76.775,74.736,Nordrhein-Westfalen
116.,Bayreuth,64.185,70.633,72.345,74.153,72.683,74.657,Bayern
117.,Detmold,63.684,67.612,70.074,73.695,72.758,74.388,Nordrhein-Westfalen
118.,Arnsberg,22.398,78.056,75.864,77.473,74.227,73.628,Nordrhein-Westfalen
119.,Castrop-Rauxel,83.901,78.877,79.037,78.608,75.408,73.425,Nordrhein-Westfalen
120.,Lüdenscheid,79.086,74.578,79.401,80.613,75.463,72.611,Nordrhein-Westfalen
121.,Landshut,52.425,55.796,59.066,58.746,63.258,72.404,Bayern
122.,Brandenburg an der Havel,93.983,94.953,89.889,77.516,71.778,72.124,Brandenburg
123.,Bocholt,49.244,65.352,68.936,72.138,73.170,71.099,Nordrhein-Westfalen
124.,Aschaffenburg,55.119,59.257,64.098,67.592,68.678,70.527,Bayern
125.,Celle,57.130,72.820,72.260,72.127,70.242,69.602,Niedersachsen
126.,Kempten (Allgäu),44.884,57.376,61.906,61.389,62.060,68.907,Bayern
127.,Fulda,45.187,57.035,56.289,62.510,64.349,68.586,Hessen
128.,Aalen,37.066,63.030,64.781,66.066,66.113,68.456,Baden-Württemberg
129.,Lippstadt,41.743,61.927,62.345,66.933,66.976,67.901,Nordrhein-Westfalen
130.,Dinslaken,55.241,59.473,65.313,70.714,69.472,67.525,Nordrhein-Westfalen
131.,Herford,65.422,62.881,63.893,65.083,64.088,66.608,Nordrhein-Westfalen
132.,Kerpen,10.608,54.725,57.337,63.135,64.602,66.206,Nordrhein-Westfalen
133.,Rüsselsheim am Main,60.911,60.974,59.430,59.357,60.294,65.440,Hessen
134.,Weimar,63.634,63.709,60.326,62.425,65.479,65.090,Thüringen
135.,Plauen,82.026,78.828,71.774,71.543,66.098,64.931,Sachsen
136.,Sindelfingen,41.967,54.808,58.805,60.766,60.445,64.858,Baden-Württemberg
137.,Neuwied,62.666,60.485,62.075,67.057,64.318,64.574,Rheinland-Pfalz
138.,Dormagen,30.869,56.645,58.260,62.957,62.961,64.335,Nordrhein-Westfalen
139.,Neubrandenburg,46.087,79.006,89.284,73.318,65.282,64.086,Mecklenburg-Vorpommern
140.,Grevenbroich,27.698,60.317,60.835,64.688,63.891,63.620,Nordrhein-Westfalen
141.,Rosenheim,37.078,51.604,56.340,58.908,61.299,63.324,Bayern
142.,Herten,52.966,69.247,69.245,66.930,62.235,61.791,Nordrhein-Westfalen
143.,Bergheim,10.493,54.064,58.146,63.526,62.129,61.612,Nordrhein-Westfalen
144.,Schwäbisch Gmünd,44.385,56.901,60.081,62.188,59.654,61.186,Baden-Württemberg
145.,Friedrichshafen,43.651,52.080,54.129,57.213,59.002,60.865,Baden-Württemberg
146.,Garbsen,26.444,57.522,60.776,63.269,61.790,60.754,Niedersachsen
147.,Wesel,45.338,56.776,59.631,62.063,60.750,60.357,Nordrhein-Westfalen
148.,Hürth,52.235,50.794,50.808,53.261,57.922,60.189,Nordrhein-Westfalen
149.,Offenburg,33.066,50.486,52.964,56.891,59.215,59.646,Baden-Württemberg
150.,Stralsund,71.489,74.947,72.780,60.663,57.670,59.421,Mecklenburg-Vorpommern
151.,Greifswald,47.017,61.278,66.251,54.236,54.610,59.382,Mecklenburg-Vorpommern
152.,Langenfeld (Rheinland),44.217,47.027,53.455,58.429,59.160,58.927,Nordrhein-Westfalen
153.,Neu-Ulm,27.925,47.415,46.264,50.188,53.504,58.707,Bayern
154.,Unna,50.299,56.416,61.552,71.375,66.502,58.633,Nordrhein-Westfalen
155.,Euskirchen,42.278,44.811,49.654,53.680,55.620,57.975,Nordrhein-Westfalen
156.,Frankfurt (Oder),62.433,80.414,86.131,72.131,60.330,57.873,Brandenburg
157.,Göppingen,48.028,53.347,54.957,57.371,56.819,57.558,Baden-Württemberg
158.,Hameln,47.201,58.390,58.539,58.807,57.771,57.510,Niedersachsen
159.,Stolberg (Rheinland),39.704,57.550,57.231,58.682,57.474,56.792,Nordrhein-Westfalen
160.,Eschweiler,38.666,53.478,54.675,55.090,55.505,56.385,Nordrhein-Westfalen
161.,Görlitz,87.492,81.399,72.237,61.599,55.596,56.324,Sachsen
162.,Meerbusch,46.904,49.876,52.104,55.175,54.318,56.189,Nordrhein-Westfalen
163.,Sankt Augustin,31.892,48.580,51.886,55.248,55.442,55.767,Nordrhein-Westfalen
164.,Hilden,50.228,53.343,54.782,56.412,55.441,55.764,Nordrhein-Westfalen
165.,Waiblingen,24.195,45.114,48.387,51.362,52.900,55.449,Baden-Württemberg
166.,Baden-Baden,37.185,49.142,51.849,52.627,54.445,55.123,Baden-Württemberg
167.,Hattingen,59.392,57.373,58.241,58.329,55.510,54.562,Nordrhein-Westfalen
168.,Lingen (Ems),31.522,44.097,49.137,51.684,51.177,54.422,Niedersachsen
169.,Bad Homburg vor der Höhe,42.066,51.221,51.820,52.838,52.229,54.248,Hessen
170.,Langenhagen,35.474,46.764,47.432,49.432,52.583,54.244,Niedersachsen
171.,Bad Salzuflen,49.571,51.248,53.771,55.028,53.893,54.127,Nordrhein-Westfalen
172.,Pulheim,11.323,44.870,49.353,53.158,53.769,54.071,Nordrhein-Westfalen
173.,Schweinfurt,58.178,52.445,54.483,54.325,53.415,54.032,Bayern
174.,Nordhorn,44.470,48.492,49.359,51.968,53.052,53.403,Niedersachsen
175.,Neustadt an der Weinstraße,50.952,50.328,51.988,53.658,52.855,53.148,Rheinland-Pfalz
176.,Wetzlar,36.922,51.997,51.737,52.608,51.499,52.954,Hessen
177.,Menden (Sauerland),30.109,53.337,56.527,59.239,55.496,52.912,Nordrhein-Westfalen
178.,Ahlen,49.970,54.192,54.169,55.631,53.414,52.582,Nordrhein-Westfalen
179.,Frechen,31.337,43.483,44.360,47.019,49.939,52.473,Nordrhein-Westfalen
180.,Passau,30.758,50.698,50.328,50.536,50.594,52.469,Bayern
181.,Wolfenbüttel,40.527,50.256,52.032,54.690,53.427,52.174,Niedersachsen
182.,Ibbenbüren,17.561,42.323,44.643,48.843,51.522,51.904,Nordrhein-Westfalen
183.,Kleve,43.640,44.026,45.963,48.662,49.477,51.845,Nordrhein-Westfalen
184.,Bad Kreuznach,42.258,41.143,40.950,43.164,43.703,50.948,Rheinland-Pfalz
185.,Goslar,40.051,52.556,46.251,44.278,40.989,50.753,Niedersachsen
186.,Gummersbach,44.880,48.660,50.965,53.311,51.309,50.688,Nordrhein-Westfalen
187.,Ravensburg,32.045,42.269,45.650,47.525,49.774,50.623,Baden-Württemberg
188.,Willich,37.747,39.115,42.416,50.300,51.949,50.592,Nordrhein-Westfalen
189.,Speyer,42.184,43.864,46.553,49.776,49.857,50.378,Rheinland-Pfalz
190.,Emden,48.595,51.186,50.735,50.963,51.616,50.195,Niedersachsen
191.,Böblingen,36.127,41.505,44.903,45.838,46.488,50.155,Baden-Württemberg
192.,Peine,31.205,47.591,46.654,49.494,48.743,49.952,Niedersachsen
193.,Elmshorn,41.262,41.439,43.689,47.391,48.924,49.883,Schleswig-Holstein
194.,Erftstadt,36.578,43.208,45.403,50.689,50.553,49.801,Nordrhein-Westfalen
195.,Rastatt,29.915,37.297,42.241,46.437,47.554,49.783,Baden-Württemberg
196.,Heidenheim an der Brenz,49.853,48.585,50.532,51.301,48.164,49.526,Baden-Württemberg
197.,Lörrach,33.995,41.355,42.500,45.412,48.380,49.347,Baden-Württemberg
198.,Leonberg,25.049,38.927,42.654,44.037,45.098,48.733,Baden-Württemberg
199.,Bergkamen,44.304,47.977,49.761,52.905,50.587,48.725,Nordrhein-Westfalen
200.,Bad Oeynhausen,13.948,44.339,46.475,50.007,48.300,48.702,Nordrhein-Westfalen
201.,Freising,29.569,34.577,37.046,40.890,45.223,48.634,Bayern
202.,Frankenthal (Pfalz),41.493,43.725,46.966,47.763,46.793,48.561,Rheinland-Pfalz
203.,Rheda-Wiedenbrück,36.943,37.944,38.327,44.932,47.316,48.505,Nordrhein-Westfalen
204.,Cuxhaven,47.185,58.666,56.090,53.391,50.492,48.371,Niedersachsen
205.,Bornheim,31.420,34.293,35.858,45.407,48.531,48.326,Nordrhein-Westfalen
206.,Gronau (Westf.),26.482,41.209,40.687,44.860,46.553,48.072,Nordrhein-Westfalen
207.,Straubing,37.826,42.674,41.715,44.014,44.450,47.794,Bayern
208.,Singen (Hohentwiel),41.427,43.529,43.689,44.478,45.826,47.723,Baden-Württemberg
209.,Stade,32.769,42.818,42.487,44.929,46.159,47.533,Niedersachsen
210.,Soest,37.671,40.791,42.602,48.520,48.579,47.460,Nordrhein-Westfalen
211.,Dachau,32.929,33.950,35.387,38.398,42.506,47.400,Bayern
212.,Hennef (Sieg),26.053,29.224,32.521,42.711,46.114,47.339,Nordrhein-Westfalen
213.,Alsdorf,30.778,46.373,46.935,46.087,45.522,47.018,Nordrhein-Westfalen
214.,Lahr/Schwarzwald,25.030,35.465,34.719,42.411,43.827,46.797,Baden-Württemberg
215.,Landau in der Pfalz,31.437,36.522,37.274,41.122,43.615,46.677,Rheinland-Pfalz
216.,Dülmen,21.168,38.712,40.496,46.552,46.762,46.590,Nordrhein-Westfalen
217.,Melle,16.154,40.859,41.579,45.390,46.141,46.493,Niedersachsen
218.,Neunkirchen,43.411,51.992,51.536,50.882,47.398,46.469,Saarland
219.,Herzogenrath,9.034(a),42.722,44.284,46.853,46.708,46.402,Nordrhein-Westfalen
220.,Schwerte,24.402,47.810,50.696,50.834,48.259,46.340,Nordrhein-Westfalen
221.,Oberursel (Taunus),25.301,38.979,40.180,42.096,43.741,46.248,Hessen
222.,Lutherstadt Wittenberg,47.323,53.870,49.682,48.972,49.496,46.008,Sachsen-Anhalt
223.,Hof,54.058,53.180,52.913,50.741,46.286,45.930,Bayern
224.,Filderstadt4,11.311,37.300,38.498,41.924,44.348,45.813,Baden-Württemberg
225.,Gotha,57.010,57.892,54.525,48.376,45.593,45.733,Thüringen
226.,Fellbach,29.000,41.383,40.930,42.822,44.665,45.671,Baden-Württemberg
227.,Bünde,40.403,40.056,40.508,44.582,44.786,45.521,Nordrhein-Westfalen
228.,Albstadt5,22.446,48.152,49.021,48.155,44.974,45.327,Baden-Württemberg
229.,Weinheim,29.640,41.654,42.241,42.718,43.682,45.284,Baden-Württemberg
230.,Rodgau6,10.035,35.736,40.088,43.123,43.283,45.202,Hessen
231.,Bruchsal,27.151,37.351,38.059,41.580,43.224,44.644,Baden-Württemberg
232.,Oranienburg,20.381,25.300,28.696,29.872,41.810,44.512,Brandenburg
233.,Brühl,40.975,42.895,41.829,43.839,44.260,44.397,Nordrhein-Westfalen
234.,Erkrath,20.141,43.703,47.659,48.767,45.963,44.384,Nordrhein-Westfalen
235.,Neustadt am Rübenberge,13.463,38.226,39.532,45.026,45.049,44.282,Niedersachsen
236.,Lehrte,21.940,38.371,40.350,43.872,43.259,43.999,Niedersachsen
237.,Kaufbeuren,38.918,42.013,40.432,41.905,41.843,43.893,Bayern
238.,Falkensee,26.007,24.084,22.047,33.791,40.511,43.844,Brandenburg
239.,Memmingen,32.955,38.298,39.333,40.849,41.025,43.837,Bayern
240.,Rottenburg am Neckar,13.083,31.770,36.006,40.987,42.501,43.723,Baden-Württemberg
241.,Kaarst,15.929,38.127,40.508,42.158,42.001,43.433,Nordrhein-Westfalen
242.,Erkelenz,12.435,35.773,37.833,43.194,44.457,43.364,Nordrhein-Westfalen
243.,Pinneberg,34.987,36.683,37.518,39.423,42.508,43.280,Schleswig-Holstein
244.,Bietigheim-Bissingen7,22.492,34.365,38.961,40.312,42.810,43.093,Baden-Württemberg
245.,Kamen,42.058,44.017,46.160,46.565,44.398,42.971,Nordrhein-Westfalen
246.,Wismar,56.287,57.455,55.509,47.031,44.397,42.550,Mecklenburg-Vorpommern
247.,Borken,29.402,32.420,36.049,40.474,41.245,42.530,Nordrhein-Westfalen
248.,Weiden in der Oberpfalz,42.244,43.886,42.234,43.030,41.961,42.520,Bayern
249.,Gifhorn,23.405,33.154,38.678,42.943,41.558,42.519,Niedersachsen
250.,Nettetal,36.838,37.302,38.820,41.871,41.736,42.493,Nordrhein-Westfalen
251.,Eisenach,50.918,50.571,45.220,44.442,42.750,42.370,Thüringen
252.,Dreieich10,22.789,39.076,38.965,40.114,40.484,42.091,Hessen
253.,Aurich,11.880,34.647,36.856,40.278,40.572,41.991,Niedersachsen
254.,Amberg,41.345,44.264,43.111,43.794,43.755,41.970,Bayern
255.,Heinsberg,10.854,36.436,37.305,41.318,40.760,41.946,Nordrhein-Westfalen
256.,Ansbach,33.219,38.183,37.893,40.165,40.253,41.847,Bayern
257.,Homburg,32.497,41.847,43.696,45.769,43.808,41.811,Saarland
258.,Nordhausen,44.547,47.038,46.422,45.633,44.296,41.791,Thüringen
259.,Wunstorf,17.211,37.676,38.276,41.474,41.014,41.594,Niedersachsen
260.,Seevetal(*) 9,6.030(a),36.059,36.740,40.536,42.213,41.506,Niedersachsen
261.,Siegburg,33.667,34.616,35.441,37.638,39.746,41.463,Nordrhein-Westfalen
262.,Laatzen,13.666,34.748,37.242,38.402,40.254,41.422,Niedersachsen
263.,Coburg,42.671,45.633,44.246,42.756,41.076,41.249,Bayern
264.,Königswinter,31.357,34.983,35.013,38.891,40.771,41.243,Nordrhein-Westfalen
265.,Nürtingen,21.432,35.680,38.337,39.040,40.364,41.093,Baden-Württemberg
266.,Freiberg,50.362,51.373,48.609,45.428,41.342,40.885,Sachsen
267.,Schwabach,26.551,35.387,35.514,38.213,38.879,40.792,Bayern
268.,Lemgo,38.984,39.864,39.485,41.995,41.424,40.696,Nordrhein-Westfalen
269.,Monheim am Rhein,38.094,40.559,42.656,43.514,43.063,40.645,Nordrhein-Westfalen
270.,Kirchheim unter Teck,28.921,32.136,35.842,38.796,39.859,40.523,Baden-Württemberg
271.,Bensheim,27.675,32.964,35.056,38.557,39.729,40.456,Hessen
272.,Schwäbisch Hall,23.665,31.562,32.226,35.456,37.137,40.440,Baden-Württemberg
273.,Weißenfels,46.223,39.860,36.865,31.946,41.434,40.409,Sachsen-Anhalt
274.,Pirmasens,55.211,49.876,47.680,45.212,40.384,40.403,Rheinland-Pfalz
275.,Germering,16.444,34.788,36.034,36.348,37.780,40.389,Bayern
276.,Eberswalde12,46.299,53.240,52.586,44.623,40.944,40.387,Brandenburg
277.,Halberstadt,46.724,47.834,45.364,41.417,42.605,40.256,Sachsen-Anhalt
278.,Buxtehude,22.799,31.631,32.276,36.699,39.748,40.150,Niedersachsen
279.,Leinfelden-Echterdingen13,12.488,35.263,34.940,35.667,37.222,40.092,Baden-Württemberg
280.,Neumarkt in der Oberpfalz,18.852,30.477,35.551,39.307,39.163,40.002,Bayern
281.,Hückelhoven11,24.853,35.196,34.816,38.970,39.215,39.931,Nordrhein-Westfalen
282.,Hofheim am Taunus,18.705,33.197,35.277,37.441,38.253,39.766,Hessen
283.,Löhne,36.860,37.147,38.557,41.421,40.199,39.697,Nordrhein-Westfalen
284.,Schorndorf,20.979,33.631,37.687,38.645,39.236,39.634,Baden-Württemberg
285.,Freital,42.103,46.149,40.033,40.129,39.275,39.562,Sachsen
286.,Stendal,36.786,44.336,48.532,39.795,42.435,39.439,Sachsen-Anhalt
287.,Völklingen,39.423,44.800,43.751,42.990,39.626,39.374,Saarland
288.,Ettlingen,21.548,36.995,37.759,38.433,38.553,39.339,Baden-Württemberg
289.,Ostfildern14,11.371,28.748,28.678,30.460,36.163,39.321,Baden-Württemberg
290.,Maintal15,16.429,36.916,36.336,38.179,37.962,39.298,Hessen
291.,Buchholz in der Nordheide,13.996,28.521,31.489,35.916,38.735,39.272,Niedersachsen
292.,Ahaus,15.986,27.988,31.202,37.279,38.952,39.223,Nordrhein-Westfalen
293.,Bautzen,43.818,48.277,48.588,43.353,40.573,39.087,Sachsen
294.,Mettmann,30.623,36.676,38.998,38.708,39.300,38.829,Nordrhein-Westfalen
295.,Bernau bei Berlin,13.940,17.847,19.062,24.861,36.338,38.825,Brandenburg
296.,Würselen,19.903,34.847,34.406,36.323,37.693,38.712,Nordrhein-Westfalen
297.,Bitterfeld-Wolfen8,29.232,22.933,17.988,16.507,45.171,38.475,Sachsen-Anhalt
298.,Pirna,47.533,47.551,41.798,42.108,38.705,38.320,Sachsen
299.,Niederkassel,20.616,25.996,29.240,34.613,37.552,38.218,Nordrhein-Westfalen
300.,Haltern am See,15.272,30.965,34.025,36.776,37.763,38.013,Nordrhein-Westfalen
301.,Langen,29.891,28.826,31.992,35.208,35.570,37.902,Hessen
302.,Greven,26.653,28.743,31.010,34.217,36.044,37.692,Nordrhein-Westfalen
303.,Fürstenfeldbruck,22.728,31.887,31.040,32.405,34.152,37.677,Bayern
304.,Neu-Isenburg,34.873,35.816,35.768,35.524,36.034,37.668,Hessen
305.,Papenburg,17.305,27.571,30.078,34.096,35.032,37.579,Niedersachsen
306.,Kamp-Lintfort,38.429,37.961,39.019,39.982,38.394,37.391,Nordrhein-Westfalen
307.,Backnang,27.704,29.149,31.687,34.465,35.395,37.253,Baden-Württemberg
308.,Warendorf,19.043,33.147,35.092,38.688,38.134,37.226,Nordrhein-Westfalen
309.,Königs Wusterhausen,10.435,15.005,18.103,17.262,33.981,37.190,Brandenburg
310.,Ilmenau,19.220,26.293,28.454,27.176,26.022,36.716,Thüringen
311.,Beckum,27.508,37.899,36.772,37.916,36.736,36.646,Nordrhein-Westfalen
312.,Erding,10.838,23.770,25.154,31.165,34.514,36.469,Bayern
313.,Coesfeld,26.412,31.063,32.739,35.947,36.345,36.217,Nordrhein-Westfalen
314.,Wesseling,25.948,29.005,30.710,34.931,35.116,36.146,Nordrhein-Westfalen
315.,Kehl,16.056,29.924,30.389,33.359,34.789,36.089,Baden-Württemberg
316.,Emsdetten,29.053,31.026,31.930,35.230,35.523,36.012,Nordrhein-Westfalen
317.,Voerde (Niederrhein),28.241,31.588,36.415,38.979,37.406,35.999,Nordrhein-Westfalen
318.,Tuttlingen,26.566,31.531,33.543,34.693,34.282,35.730,Baden-Württemberg
319.,Sankt Ingbert,29.295,41.844,40.931,39.971,37.195,35.714,Saarland
320.,Porta Westfalica16,4.544(a),34.538,35.061,36.182,35.122,35.671,Nordrhein-Westfalen
321.,Sinsheim,8.056(a),26.658,29.307,33.992,35.392,35.442,Baden-Württemberg
322.,Meppen,18.697,28.135,30.508,33.412,34.944,35.373,Niedersachsen
323.,Limburg an der Lahn,15.250,28.573,29.912,33.572,33.400,35.243,Hessen
324.,Lage,31.063,32.301,34.317,36.073,35.169,35.047,Nordrhein-Westfalen
325.,Cloppenburg,18.452,20.912,23.574,29.897,32.571,34.913,Niedersachsen
326.,Winsen (Luhe),12.067,25.477,27.338,31.801,34.247,34.896,Niedersachsen
327.,Suhl,31.661,48.429,54.731,48.025,38.776,34.835,Thüringen
328.,Mörfelden-Walldorf18,11.923,30.182,29.538,32.173,34.035,34.828,Hessen
329.,Wermelskirchen,26.810,34.737,35.865,37.016,35.437,34.765,Nordrhein-Westfalen
330.,Datteln,35.239,37.193,36.876,37.293,35.513,34.614,Nordrhein-Westfalen
331.,Kempen,39.943,30.169,33.809,36.019,35.890,34.597,Nordrhein-Westfalen
332.,Saarlouis,39.016,38.733,38.160,38.182,37.136,34.552,Saarland
333.,Leer,30.463,31.303,31.375,33.849,34.301,34.486,Niedersachsen
334.,Seelze,10.321,30.336,30.974,33.192,32.782,34.442,Niedersachsen
335.,Crailsheim,16.763,24.685,27.917,32.085,33.021,34.400,Baden-Württemberg
336.,Barsinghausen,21.042,32.962,33.391,34.497,33.618,34.234,Niedersachsen
337.,Balingen,14.138,29.738,31.738,33.632,33.959,34.217,Baden-Württemberg
338.,Zweibrücken,32.814,34.923,33.918,35.719,33.944,34.209,Rheinland-Pfalz
339.,Viernheim,27.753,29.590,30.527,32.427,32.601,34.175,Hessen
340.,Steinfurt17,17.357,32.303,31.484,33.955,33.901,34.084,Nordrhein-Westfalen
341.,Hemer,24.473,32.745,34.412,37.156,37.735,34.080,Nordrhein-Westfalen
341.,Merseburg,55.857,50.346,42.905,37.127,35.419,34.080,Sachsen-Anhalt
343.,Dietzenbach,13.396,25.248,29.784,32.982,33.186,34.019,Hessen
344.,Radebeul,40.635,34.129,31.115,32.246,33.708,34.008,Sachsen
345.,Bad Vilbel,18.010,25.931,25.075,29.716,31.822,33.990,Hessen
346.,Geldern,22.524,26.230,29.245,33.074,33.575,33.836,Nordrhein-Westfalen
347.,Goch,27.617,28.778,29.843,32.675,34.106,33.825,Nordrhein-Westfalen
348.,Kornwestheim,28.830,27.037,29.198,29.831,31.292,33.803,Baden-Württemberg
349.,Stuhr(*),6.779(a),26.418,27.457,30.799,33.344,33.678,Niedersachsen
350.,Uelzen,24.598,36.261,35.466,35.065,34.250,33.614,Niedersachsen
351.,Deggendorf,19.356,30.649,30.214,31.219,31.661,33.585,Bayern
352.,Wedel,29.590,30.493,30.752,32.060,32.203,33.547,Schleswig-Holstein
353.,Ahrensburg,25.501,26.065,27.418,29.117,31.276,33.472,Schleswig-Holstein
354.,Mühlhausen/Thüringen,45.190,43.544,41.075,38.695,35.978,33.135,Thüringen
355.,Rheinfelden (Baden),16.469,27.415,29.148,31.642,32.330,33.074,Baden-Württemberg
356.,Korschenbroich,8.324(a),26.169,29.227,33.782,33.078,33.066,Nordrhein-Westfalen
357.,Biberach an der Riß,25.542,28.284,29.635,31.324,32.394,32.938,Baden-Württemberg
358.,Wernigerode,32.730,35.464,35.698,35.013,34.383,32.733,Sachsen-Anhalt
359.,Bernburg (Saale),45.367,42.262,39.901,33.825,35.516,32.674,Sachsen-Anhalt
360.,Hoyerswerda,59.144,70.705,64.888,50.203,37.379,32.658,Sachsen
361.,Jülich,19.754,30.449,31.285,33.414,33.060,32.632,Nordrhein-Westfalen
362.,Lampertheim,24.362,31.449,30.800,32.231,31.337,32.537,Hessen
363.,Vechta,16.216,23.053,23.300,27.753,31.516,32.433,Niedersachsen
364.,Naumburg (Saale),37.900,34.013,29.724,30.399,34.294,32.402,Sachsen-Anhalt
365.,Forchheim,21.862,29.021,29.872,30.665,30.396,32.171,Bayern
366.,Bad Nauheim,14.493,26.979,28.599,30.199,31.176,32.163,Hessen
367.,Altenburg,46.799,55.372,48.926,41.290,34.972,32.074,Thüringen
368.,Delbrück,5.599(a),21.417,24.247,29.212,30.047,31.949,Nordrhein-Westfalen
369.,Fürstenwalde/Spree,30.841,34.515,34.413,34.044,32.468,31.941,Brandenburg
370.,Achim,9.746(a),27.680,28.974,29.735,30.143,31.911,Niedersachsen
371.,Itzehoe,36.150,33.613,32.817,33.549,32.368,31.879,Schleswig-Holstein
372.,Georgsmarienhütte,28.781,31.033,31.910,32.872,32.057,31.827,Niedersachsen
373.,Nienburg/Weser,22.664,29.884,30.710,32.611,31.924,31.550,Niedersachsen
374.,Herrenberg,12.507,25.422,27.344,29.907,31.292,31.545,Baden-Württemberg
375.,Oer-Erkenschwick,24.360,27.329,28.222,30.686,30.312,31.442,Nordrhein-Westfalen
376.,Radolfzell am Bodensee,15.660,23.709,26.476,28.580,30.782,31.203,Baden-Württemberg
377.,Kreuztal,28.952,30.219,30.885,32.099,30.995,31.187,Nordrhein-Westfalen
378.,Ganderkesee(*),17.626,25.135,27.104,30.207,30.941,31.137,Niedersachsen
379.,Rheinberg,12.070,26.332,27.886,31.193,31.587,31.097,Nordrhein-Westfalen
380.,Bramsche,10.635,23.747,28.120,30.633,30.986,30.952,Niedersachsen
381.,Geestland19,13.067,14.919,15.624,18.163,18.477,30.866,Niedersachsen
382.,Neuruppin,22.369,25.544,26.925,32.598,31.599,30.846,Brandenburg
383.,Einbeck,18.609,28.867,28.988,28.752,26.426,30.826,Niedersachsen
384.,Werl,24.619,25.808,28.554,31.623,31.655,30.772,Nordrhein-Westfalen
385.,Emmerich am Rhein,24.402,29.336,28.322,28.899,29.571,30.748,Nordrhein-Westfalen
386.,Schönebeck,46.234,44.802,42.142,36.397,33.888,30.720,Sachsen-Anhalt
387.,Burgdorf,18.102,28.196,29.022,30.314,29.886,30.699,Niedersachsen
388.,Gevelsberg,33.667,31.485,33.217,33.621,31.518,30.695,Nordrhein-Westfalen
389.,Weyhe(*) 20,8.247(a),22.890,26.050,30.240,30.362,30.669,Niedersachsen
390.,Geesthacht,23.345,25.303,26.246,29.106,29.228,30.551,Schleswig-Holstein
391.,Haan,20.821,28.571,29.860,29.677,29.149,30.484,Nordrhein-Westfalen
392.,Lohmar,17.870,23.496,27.098,30.659,31.129,30.363,Nordrhein-Westfalen
393.,Osterholz-Scharmbeck,15.273,23.632,24.705,31.206,30.198,30.300,Niedersachsen
394.,Weil am Rhein,20.657,26.076,27.082,28.762,29.918,30.175,Baden-Württemberg
395.,Ennepetal,37.137,35.729,34.270,33.725,30.486,30.075,Nordrhein-Westfalen
396.,Riesa,49.960,52.540,45.440,39.367,34.013,30.054,Sachsen
397.,Taunusstein,14.121,25.659,26.977,28.745,28.963,30.005,Hessen
398.,Andernach,27.139,27.135,28.030,29.319,29.542,29.966,Rheinland-Pfalz
399.,Meschede,15.727,31.350,31.715,32.679,30.823,29.921,Nordrhein-Westfalen
400.,Schwedt/Oder,34.292,54.809,50.633,39.683,34.035,29.920,Brandenburg
401.,Friedberg,12.961,24.907,26.818,29.054,28.947,29.810,Bayern
402.,Bad Hersfeld,23.247,28.248,30.249,30.778,30.087,29.800,Hessen
403.,Gaggenau,21.124,28.533,28.761,29.721,29.032,29.777,Baden-Württemberg
404.,Merzig,12.161,29.714,30.031,30.869,30.355,29.745,Saarland
405.,Neuburg an der Donau,18.808,24.097,25.474,27.816,28.197,29.682,Bayern
406.,Werne,21.123,26.656,29.484,30.825,29.901,29.662,Nordrhein-Westfalen
407.,Wedemark(*) 21,4.219(a),23.530,24.758,28.373,29.063,29.647,Niedersachsen
408.,Vaihingen an der Enz,7.850(a),22.907,24.461,27.578,28.833,29.467,Baden-Württemberg
409.,Rietberg,20.572,23.606,24.138,28.029,28.868,29.466,Nordrhein-Westfalen
410.,Bretten,11.543,22.937,24.264,27.172,28.466,29.412,Baden-Württemberg
411.,Waltrop,25.743,27.045,29.354,30.406,29.636,29.345,Nordrhein-Westfalen
412.,Oelde,21.123,27.579,27.759,29.227,29.276,29.326,Nordrhein-Westfalen
413.,Tönisvorst,19.872,22.228,24.844,30.347,29.699,29.306,Nordrhein-Westfalen
414.,Güstrow,37.428,37.169,37.513,32.323,30.018,29.241,Mecklenburg-Vorpommern
415.,Friedberg (Hessen),16.782,24.233,24.633,26.751,27.962,29.180,Hessen
416.,Landsberg am Lech,14.260,18.309,21.039,25.564,28.121,29.132,Bayern
417.,Northeim,21.850,32.170,31.381,31.691,29.431,29.107,Niedersachsen
418.,Kelkheim (Taunus),16.545,27.089,26.203,26.755,27.883,29.055,Hessen
419.,Springe,12.858,30.368,29.752,29.897,29.301,28.951,Niedersachsen
420.,Unterschleißheim,7.019(a),15.897,24.180,25.633,26.416,28.907,Bayern
421.,Bühl,10.013,22.307,24.667,28.496,29.452,28.900,Baden-Württemberg
422.,Schwandorf,16.190,27.166,26.393,27.820,27.736,28.828,Bayern
423.,Höxter,32.830,32.430,33.079,33.117,31.089,28.824,Nordrhein-Westfalen
424.,Rösrath,19.226,21.340,22.849,26.330,27.288,28.693,Nordrhein-Westfalen
425.,Bad Zwischenahn(*) 22,20.798,23.583,23.828,25.536,27.537,28.596,Niedersachsen
426.,Schwelm,34.058,31.108,30.394,30.569,28.614,28.542,Nordrhein-Westfalen
427.,Rendsburg,34.820,32.548,31.170,29.321,28.217,28.470,Schleswig-Holstein
428.,Mühlheim am Main,20.820,24.490,24.303,26.082,26.881,28.403,Hessen
429.,Winnenden,14.446,22.334,23.995,27.214,27.599,28.339,Baden-Württemberg
430.,Idar-Oberstein,38.755,35.434,33.764,33.646,30.379,28.323,Rheinland-Pfalz
431.,Bad Neuenahr-Ahrweiler,23.869,26.141,25.178,27.061,27.398,28.251,Rheinland-Pfalz
432.,Grimma,16.639,17.391,17.698,18.729,18.711,28.180,Sachsen
433.,Wegberg,15.611,24.654,25.445,28.543,29.100,28.175,Nordrhein-Westfalen
434.,Geislingen an der Steige,27.196,27.344,26.993,27.998,26.841,28.122,Baden-Württemberg
435.,Königsbrunn,12.973,18.006,22.035,26.539,27.406,28.076,Bayern
436.,Rödermark23,9.257(a),22.002,25.018,26.049,25.926,28.071,Hessen
437.,Henstedt-Ulzburg(*),10.645,18.753,21.402,24.950,27.189,28.070,Schleswig-Holstein
438.,Meißen,45.609,39.619,34.575,29.398,27.545,28.044,Sachsen
439.,Leichlingen (Rheinland),20.254,24.612,25.996,26.796,27.481,28.031,Nordrhein-Westfalen
440.,Kevelaer,20.555,21.614,23.309,27.060,28.328,28.021,Nordrhein-Westfalen
441.,Zeitz,46.864,44.142,40.012,32.227,31.556,27.955,Sachsen-Anhalt
442.,Emmendingen,16.462,24.740,23.590,24.919,26.874,27.882,Baden-Württemberg
443.,Blankenfelde-Mahlow(*) 25,7.192,7.383(b),7.820(c),10.241,25.718,27.837,Brandenburg
444.,Sundern (Sauerland),9.525(a),25.689,27.250,29.867,28.730,27.802,Nordrhein-Westfalen
445.,Baunatal,13.077,21.366,24.941,28.020,27.642,27.750,Hessen
446.,Olching,9.255(a),18.981,20.702,22.796,25.018,27.741,Bayern
447.,Saalfeld/Saale,33.643,34.430,32.988,29.511,26.755,27.705,Thüringen
448.,Verden (Aller),17.014,24.261,24.589,27.082,26.802,27.661,Niedersachsen
449.,Reinbek,15.456,25.051,24.670,24.570,25.821,27.649,Schleswig-Holstein
450.,Mechernich,13.233,21.673,22.755,26.003,27.154,27.598,Nordrhein-Westfalen
451.,Hattersheim am Main,9.435(a),23.670,23.675,24.752,25.680,27.590,Hessen
452.,Wetter (Ruhr),30.756,29.840,28.880,29.851,28.113,27.441,Nordrhein-Westfalen
453.,Griesheim,16.791,20.243,21.187,24.398,26.317,27.435,Hessen
454.,Aschersleben,37.163,35.083,32.545,27.312,29.082,27.220,Sachsen-Anhalt
455.,Geilenkirchen,10.143,21.833,22.808,27.826,28.253,27.214,Nordrhein-Westfalen
456.,Garmisch-Partenkirchen(*),27.101,27.828,26.837,26.364,26.068,27.194,Bayern
457.,Rheinbach,18.824,21.841,22.990,25.943,27.392,27.063,Nordrhein-Westfalen
458.,Overath,15.636,21.476,23.902,26.115,26.990,27.040,Nordrhein-Westfalen
459.,Baesweiler,13.764,23.509,24.442,27.434,27.898,27.033,Nordrhein-Westfalen
460.,Weinstadt24,5.111(a),23.244,23.999,25.484,26.421,26.987,Baden-Württemberg
461.,Neukirchen-Vluyn,13.973,25.519,26.591,28.525,27.579,26.982,Nordrhein-Westfalen
462.,Leimen,9.318(a),17.043,20.361,25.850,27.225,26.968,Baden-Württemberg
463.,Wangen im Allgäu,14.462,23.259,24.589,25.982,27.461,26.905,Baden-Württemberg
464.,Schloß Holte-Stukenbrock,16.003,20.425,21.402,25.562,26.156,26.776,Nordrhein-Westfalen
465.,Lohne (Oldenburg),15.942,18.601,20.106,24.564,26.047,26.762,Niedersachsen
466.,Wiesloch,16.145,21.746,22.947,25.528,26.034,26.758,Baden-Württemberg
467.,Hamminkeln,4.378(a),21.857,24.659,27.161,27.711,26.739,Nordrhein-Westfalen
468.,Strausberg,19.434,24.169,28.523,26.221,26.206,26.587,Brandenburg
469.,Lauf an der Pegnitz,16.116,21.836,23.390,25.770,26.127,26.515,Bayern
470.,Neckarsulm,18.483,21.871,22.690,27.482,26.511,26.492,Baden-Württemberg
471.,Remseck am Neckar26,4.539(a),16.593,17.459,20.013,23.355,26.467,Baden-Württemberg
472.,Heiligenhaus,28.727,29.661,29.715,28.442,26.659,26.335,Nordrhein-Westfalen
473.,Sangerhausen,32.303,33.937,32.697,25.399,29.679,26.297,Sachsen-Anhalt
474.,Hennigsdorf,24.542,27.185,24.387,26.306,25.909,26.272,Brandenburg
475.,Ehingen,13.512,21.988,23.568,24.898,25.670,26.259,Baden-Württemberg
476.,Butzbach,15.732,21.274,22.308,24.954,24.971,26.197,Hessen
477.,Nordenham,28.207,30.311,28.773,28.183,26.826,26.193,Niedersachsen
478.,Werder (Havel),9.765,10.404,10.722,15.115,23.017,26.184,Brandenburg
479.,Hohen Neuendorf,9.566,9.059(b),8.281(c),18.922,24.384,26.159,Brandenburg
480.,Ludwigsfelde,16.738,20.604,21.665,23.031,24.044,26.112,Brandenburg
481.,Mühlacker,14.194,24.216,25.301,25.969,25.369,26.076,Baden-Württemberg
482.,Heppenheim (Bergstraße),16.957,23.786,23.859,25.434,25.266,26.023,Hessen
483.,Selm,15.552,23.762,24.891,27.240,27.001,26.011,Nordrhein-Westfalen
484.,Weiterstadt,7.233(a),19.068,21.795,23.907,24.378,25.975,Hessen
485.,Pfaffenhofen an der Ilm,9.808(a),15.715,19.510,22.376,24.158,25.917,Bayern
486.,Kulmbach,23.786,28.226,27.871,28.258,26.768,25.915,Bayern
487.,Köthen (Anhalt),36.624,34.639,33.097,30.360,28.243,25.911,Sachsen-Anhalt
488.,St. Wendel,10.086,26.702,27.059,27.303,26.208,25.862,Saarland
489.,Teltow,15.330,15.260,14.859,17.938,22.538,25.825,Brandenburg
490.,Bad Honnef,19.943,20.907,22.577,25.004,25.213,25.816,Nordrhein-Westfalen
491.,Helmstedt,27.326,26.718,27.034,26.101,23.937,25.728,Niedersachsen
492.,Bingen am Rhein,23.627,23.528,23.853,24.710,24.276,25.659,Rheinland-Pfalz
493.,Achern,7.596(a),20.543,21.382,23.463,25.014,25.630,Baden-Württemberg
494.,Zirndorf,13.388,20.978,21.494,24.950,25.965,25.596,Bayern
495.,Roth,11.722,21.657,21.737,24.858,24.417,25.593,Bayern
496.,Lennestadt,25.408,25.996,26.468,28.026,27.115,25.503,Nordrhein-Westfalen
497.,Verl,15.712,18.406,19.771,23.315,24.984,25.498,Nordrhein-Westfalen
498.,Lindau (Bodensee),25.232,24.216,24.378,23.874,24.772,25.490,Bayern
498.,Lübbecke,11.238,21.470,23.695,25.908,25.796,25.490,Nordrhein-Westfalen
500.,Rinteln,10.865,25.849,26.979,28.392,26.879,25.484,Niedersachsen
501.,Brilon,13.828,24.533,25.303,27.347,26.335,25.417,Nordrhein-Westfalen
502.,Staßfurt,26.153,26.666,25.514,20.681,28.605,25.385,Sachsen-Anhalt
503.,Zittau,43.321,41.852,34.465,27.454,28.212,25.381,Sachsen
504.,Plettenberg,30.288,29.046,29.083,29.031,26.321,25.318,Nordrhein-Westfalen
505.,Groß-Gerau,13.277,21.432,22.137,23.349,23.409,25.302,Hessen
506.,Schleswig,32.270,29.798,26.998,25.093,24.058,25.276,Schleswig-Holstein
507.,Geretsried,16.438,20.034,21.866,23.056,23.306,25.275,Bayern
508.,Rottweil,20.532,23.673,24.002,25.180,25.659,25.274,Baden-Württemberg
509.,Friedrichsdorf,3.930(a),22.657,23.392,24.282,24.685,25.194,Hessen
510.,Petershagen,3.612(a),24.063,24.543,27.040,25.750,25.168,Nordrhein-Westfalen
511.,Pfungstadt,17.194,23.470,23.864,25.043,24.615,25.151,Hessen
512.,Harsewinkel,10.415,18.403,20.135,23.639,24.072,25.147,Nordrhein-Westfalen
513.,Horb am Neckar,5.001(a),20.668,22.541,25.154,25.603,25.135,Baden-Württemberg
513.,Wiehl,16.821,21.102,23.132,26.448,25.645,25.135,Nordrhein-Westfalen
515.,Salzkotten,5.909(a),18.216,20.495,23.501,24.868,25.062,Nordrhein-Westfalen
516.,Norden,16.976,24.384,23.815,24.957,25.116,25.060,Niedersachsen
517.,Ingelheim am Rhein,18.939,19.596,21.153,24.678,24.152,25.010,Rheinland-Pfalz
518.,Unterhaching(*),14.460,17.041,18.313,20.427,22.774,24.980,Bayern
519.,Obertshausen,9.096(a),20.897,23.285,24.658,24.083,24.943,Hessen
519.,Weingarten,18.181,21.991,22.987,23.491,23.875,24.943,Baden-Württemberg
521.,Idstein,9.213(a),18.473,20.241,22.611,23.252,24.897,Hessen
522.,Ditzingen,11.534,22.480,23.035,23.888,24.493,24.883,Baden-Württemberg
523.,Schmallenberg,5.207(a),25.017,25.077,26.556,25.281,24.869,Nordrhein-Westfalen
524.,Delitzsch,24.435,25.248,27.051,26.331,26.344,24.868,Sachsen
525.,Warstein,10.438,28.329,28.363,29.028,27.170,24.842,Nordrhein-Westfalen
526.,Sprockhövel,21.911,24.356,24.505,26.454,25.408,24.747,Nordrhein-Westfalen
527.,Bad Oldesloe,18.444,20.159,21.097,23.314,24.322,24.744,Schleswig-Holstein
528.,Olpe,21.164,22.351,23.785,25.162,25.409,24.688,Nordrhein-Westfalen
529.,Espelkamp,12.860,23.045,26.101,26.952,25.236,24.685,Nordrhein-Westfalen
530.,Meckenheim,7.997(a),16.751,22.814,25.319,24.241,24.684,Nordrhein-Westfalen
531.,Markkleeberg,22.374,21.073,17.674,23.157,24.338,24.679,Sachsen
532.,Eisenhüttenstadt,45.410,48.253,50.216,41.493,31.132,24.633,Brandenburg
533.,Lüdinghausen,12.824,17.968,20.152,22.873,24.195,24.590,Nordrhein-Westfalen
534.,Ellwangen (Jagst),13.049,21.242,22.594,24.655,24.589,24.549,Baden-Württemberg
535.,Stutensee27,6.120(a),18.404,20.064,21.375,23.583,24.541,Baden-Württemberg
536.,Isernhagen(*) 28,5.120(a),19.164,21.485,22.309,22.927,24.409,Niedersachsen
537.,Öhringen,11.446,16.211,18.535,22.005,22.762,24.374,Baden-Württemberg
538.,Attendorn,21.735,21.511,22.736,24.460,24.693,24.367,Nordrhein-Westfalen
539.,Syke,7.116(a),18.292,19.674,23.565,24.341,24.355,Niedersachsen
540.,Arnstadt,28.990,29.965,28.743,27.220,25.000,24.348,Thüringen
541.,Ronnenberg,16.652,19.039,21.025,23.200,23.239,24.347,Niedersachsen
542.,Rathenow,29.836,32.110,29.823,26.639,25.301,24.309,Brandenburg
543.,Senftenberg,24.367,32.095,29.451,24.740,26.530,24.275,Brandenburg
544.,Waldshut-Tiengen,10.389,21.410,21.913,22.070,22.859,24.226,Baden-Württemberg
545.,Übach-Palenberg,22.667,22.870,23.521,24.804,24.779,24.081,Nordrhein-Westfalen
546.,Limbach-Oberfrohna,25.576,23.366,22.324,27.552,25.348,24.029,Sachsen
547.,Varel,12.812,24.279,24.076,24.771,24.587,24.001,Niedersachsen
548.,Quedlinburg,30.758,28.585,27.972,24.114,21.120,23.989,Sachsen-Anhalt
549.,Sonneberg,29.794,28.750,26.568,24.837,22.356,23.830,Thüringen
550.,Döbeln,27.855,27.011,26.827,23.128,20.242,23.829,Sachsen
550.,Haren (Ems),7.204(a),16.982,18.875,22.316,22.999,23.829,Niedersachsen
552.,Hann. Münden,18.550,25.539,25.762,25.657,24.525,23.805,Niedersachsen
553.,Riedstadt30,5.024(a),17.700,17.466,20.576,21.478,23.785,Hessen
554.,Bad Mergentheim,12.477,19.121,21.567,22.181,22.394,23.704,Baden-Württemberg
555.,Salzwedel,19.792,22.904,23.056,20.349,24.090,23.655,Sachsen-Anhalt
556.,Alfter(*),14.651,16.270,17.677,20.907,22.820,23.622,Nordrhein-Westfalen
557.,Calw,13.020,23.165,22.668,23.391,23.230,23.590,Baden-Württemberg
558.,Korbach,22.178,22.486,22.171,24.515,23.581,23.581,Hessen
559.,Bedburg,13.147,18.783,21.524,24.237,24.647,23.531,Nordrhein-Westfalen
560.,Starnberg,10.544,17.420,20.687,21.945,23.148,23.498,Bayern
561.,Freudenstadt,14.380,19.348,22.935,23.488,23.551,23.442,Baden-Württemberg
561.,Waldkraiburg,16.724,21.695,24.709,24.335,23.892,23.442,Bayern
563.,Moormerland(*) 29,4.416(a),17.868,19.285,22.382,22.456,23.426,Niedersachsen
564.,Vaterstetten(*) 31,8.825(a),17.979,18.751,20.978,22.070,23.422,Bayern
565.,Mosbach,13.615,23.224,24.650,25.051,24.490,23.398,Baden-Württemberg
566.,Sehnde,5.823(a),18.178,17.614,20.759,22.944,23.389,Niedersachsen
567.,Lutherstadt Eisleben,30.482,27.372,25.874,21.062,25.489,23.373,Sachsen-Anhalt
568.,Dillenburg,10.130,23.485,24.399,25.092,23.608,23.365,Hessen
569.,Jüchen,5.734(a),20.878,21.007,22.710,22.648,23.337,Nordrhein-Westfalen
570.,Husum,25.055,24.327,20.870,20.994,22.084,23.158,Schleswig-Holstein
571.,Netphen,19.861,22.453,23.293,25.034,24.101,23.130,Nordrhein-Westfalen
572.,Herzogenaurach,12.466,16.989,20.464,23.108,23.050,23.126,Bayern
573.,Wallenhorst(*),2.890(a),18.218,21.604,23.293,23.706,23.081,Niedersachsen
574.,Warburg,9.360(a),21.927,22.562,24.204,23.436,23.079,Nordrhein-Westfalen
575.,Gelnhausen,10.262,18.526,19.559,21.799,21.510,23.073,Hessen
576.,Walsrode,14.318,22.650,22.750,24.053,23.978,23.068,Niedersachsen
577.,Wandlitz(*),3.284,3.031(b),2.979(c),4.547,21.704,22.937,Brandenburg
578.,Leutkirch im Allgäu,9.899(a),19.900,20.722,21.988,21.902,22.803,Baden-Württemberg
579.,Wertheim,12.009,19.972,21.627,24.337,23.552,22.780,Baden-Württemberg
580.,Westerstede,16.651,17.391,18.659,21.417,22.003,22.778,Niedersachsen
581.,Herdecke,20.815,24.009,26.184,25.928,24.428,22.733,Nordrhein-Westfalen
582.,Rastede(*),16.662,17.453,18.526,20.008,20.817,22.666,Niedersachsen
583.,Bad Soden am Taunus,10.200,18.589,18.905,20.693,21.644,22.645,Hessen
584.,Lengerich,21.638,20.597,21.045,22.052,22.234,22.641,Nordrhein-Westfalen
584.,Vreden,17.150,18.361,19.421,21.718,22.551,22.641,Nordrhein-Westfalen
586.,Überlingen,12.895,18.734,20.102,20.547,21.818,22.554,Baden-Württemberg
587.,Donaueschingen,11.680,17.762,19.341,21.160,21.128,22.526,Baden-Württemberg
588.,Burg,29.990,28.461,26.353,22.951,24.163,22.478,Sachsen-Anhalt
589.,Weilheim in Oberbayern,14.676,17.100,18.294,20.863,21.649,22.477,Bayern
590.,Gersthofen,15.462,17.010,17.729,19.879,20.805,22.473,Bayern
591.,Friesoythe,6.131(a),16.078,17.142,19.861,20.641,22.456,Niedersachsen
592.,Bad Kissingen,12.345,22.102,21.081,21.565,20.802,22.444,Bayern
593.,Glauchau,32.168,29.376,25.734,27.285,24.442,22.440,Sachsen
594.,Gardelegen,13.266,12.780,13.078,12.206,14.315,22.402,Sachsen-Anhalt
595.,Edewecht(*),12.328,13.690,15.334,19.226,21.268,22.400,Niedersachsen
596.,Senden,7.916(a),19.311,20.094,21.674,22.376,22.336,Bayern
597.,Laupheim,14.355,14.970,16.286,18.460,19.796,22.298,Baden-Württemberg
598.,Nagold,12.488,20.334,21.505,22.661,22.542,22.294,Baden-Württemberg
599.,Rudolstadt,31.683,31.368,30.423,27.528,23.762,22.283,Thüringen
600.,Stadthagen,16.574,22.704,22.778,23.802,22.272,22.247,Niedersachsen
601.,Spremberg,22.871,23.181,24.217,26.230,24.373,22.175,Brandenburg
602.,Karben,11.131,18.052,19.958,21.380,21.717,22.127,Hessen
603.,Radevormwald,21.218,23.607,23.762,24.800,22.526,22.107,Nordrhein-Westfalen
604.,Neusäß,6.500(a),18.557,20.332,21.719,21.564,22.058,Bayern
605.,Metzingen,14.433,19.473,20.754,21.608,22.035,22.046,Baden-Württemberg
606.,Apolda,29.003,28.965,26.507,25.899,23.131,22.012,Thüringen
607.,Büdingen,6.565(a),17.176,18.148,20.942,21.230,21.959,Hessen
608.,Bad Harzburg,10.586,24.924,23.882,23.100,21.891,21.945,Niedersachsen
609.,Eckernförde,21.299,23.081,22.426,23.304,22.614,21.902,Schleswig-Holstein
610.,Eppingen,6.708(a),14.833,16.418,20.257,21.388,21.819,Baden-Württemberg
611.,Kaltenkirchen,7.158(a),11.319,13.547,18.081,20.000,21.813,Schleswig-Holstein
612.,Waldkirch,11.120,18.784,19.482,19.739,20.857,21.809,Baden-Württemberg
613.,Rotenburg (Wümme),16.308,19.707,19.183,21.670,21.821,21.798,Niedersachsen
614.,Hockenheim,15.670,15.997,17.015,20.009,21.118,21.779,Baden-Württemberg
615.,Osterode am Harz,16.660,28.349,27.097,25.848,23.444,21.731,Niedersachsen
616.,Kitzingen,17.838,20.262,19.918,21.242,20.705,21.704,Bayern
617.,Xanten,15.077,15.743,16.930,20.575,21.572,21.690,Nordrhein-Westfalen
618.,Heide,22.950,21.104,20.659,20.530,20.886,21.684,Schleswig-Holstein
619.,Elsdorf,5.121(a),17.495,19.944,21.692,21.193,21.663,Nordrhein-Westfalen
620.,Zerbst/Anhalt,19.638,19.279,18.149,16.378,23.167,21.657,Sachsen-Anhalt
621.,Halle (Westf.),10.183,18.560,18.841,20.478,21.081,21.640,Nordrhein-Westfalen
622.,Karlsfeld(*),11.687(a),14.327,14.831,18.187,18.293,21.596,Bayern
623.,Flörsheim am Main,10.297,16.497,16.959,19.243,20.338,21.572,Hessen
624.,Büren,6.188(a),17.530,18.748,22.108,21.500,21.556,Nordrhein-Westfalen
624.,Ilsede(*),,12.157,11.931,12.219,11.781,21.556,Niedersachsen
626.,Ottobrunn(*),13.840,19.894,18.933,19.003,20.105,21.542,Bayern
627.,Sonthofen,16.822,20.149,20.603,21.319,20.874,21.541,Bayern
628.,Puchheim,6.652(a),17.692,19.004,19.629,19.769,21.531,Bayern
629.,Sondershausen,22.949,23.371,23.370,23.088,23.142,21.513,Thüringen
630.,Eschborn,11.499,17.763,18.235,19.630,20.811,21.488,Hessen
631.,Versmold,7.216(a),18.328,18.231,20.397,20.985,21.468,Nordrhein-Westfalen
632.,Stadtallendorf,15.832,20.243,21.136,21.656,21.247,21.456,Hessen
633.,Aichach,7.123(a),15.114,17.268,20.272,20.866,21.434,Bayern
634.,Schwetzingen,16.480,18.384,19.098,22.380,21.789,21.433,Baden-Württemberg
635.,Bad Rappenau,5.404(a),13.826,15.884,19.884,20.505,21.398,Baden-Württemberg
636.,Lindlar(*),12.780,16.991,19.307,22.341,22.074,21.396,Nordrhein-Westfalen
637.,Geseke,13.242,20.305,17.733,19.976,20.755,21.343,Nordrhein-Westfalen
638.,Soltau,15.835,18.921,19.714,21.906,21.829,21.317,Niedersachsen
639.,Quickborn,14.780,18.025,18.485,19.875,20.556,21.296,Schleswig-Holstein
640.,Seligenstadt,12.278,16.970,18.175,19.066,20.243,21.293,Hessen
641.,Schramberg,18.936,19.157,19.086,18.883,21.242,21.189,Baden-Württemberg
642.,Haar(*),11.074(a),19.682,16.518,16.975,19.430,21.185,Bayern
643.,Meiningen,25.557,25.528,25.585,22.240,21.590,21.180,Thüringen
644.,Groß-Umstadt,8.704(a),18.812,19.238,21.403,21.333,21.162,Hessen
645.,Neu Wulmstorf(*),7.515(a),12.691,15.466,19.898,20.846,21.136,Niedersachsen
646.,Waren (Müritz),21.306,23.326,24.102,22.044,21.051,21.061,Mecklenburg-Vorpommern
647.,Wülfrath,23.387,20.912,21.987,22.531,21.299,21.035,Nordrhein-Westfalen
648.,Westoverledingen(*),14.911,15.442,16.839,19.433,19.828,21.019,Niedersachsen
649.,Wipperfürth,13.120,20.783,21.487,23.095,23.186,21.003,Nordrhein-Westfalen
650.,Traunreut,12.145,18.516,20.838,21.403,20.658,20.977,Bayern
651.,Rees,7.805(a),17.440,18.616,21.618,22.267,20.972,Nordrhein-Westfalen
652.,Waghäusel,16.574,17.123,17.848,19.632,20.620,20.935,Baden-Württemberg
653.,Eislingen/Fils,18.106,18.235,17.934,19.886,20.364,20.885,Baden-Württemberg
654.,Coswig,20.276,28.734,25.855,24.035,21.297,20.817,Sachsen
655.,Werdau,23.133,20.513,19.241,26.077,22.616,20.793,Sachsen
656.,Germersheim,9.150(a),13.347,15.277,20.134,20.588,20.779,Rheinland-Pfalz
657.,Fröndenberg/Ruhr,17.779,20.627,21.252,22.995,21.915,20.766,Nordrhein-Westfalen
658.,Günzburg,17.820,18.509,19.066,19.599,19.561,20.707,Bayern
659.,Steinhagen(*),8.397(a),16.220,17.303,19.619,19.766,20.698,Nordrhein-Westfalen
660.,Blieskastel,6.323(a),22.561,22.612,23.149,21.885,20.656,Saarland
661.,Reichenbach im Vogtland,28.818,25.178,24.810,23.469,20.146,20.625,Sachsen
662.,Herborn,10.287,21.502,20.909,21.380,20.595,20.603,Hessen
663.,Kleinmachnow(*),14.304,13.341,11.565,15.796,19.890,20.564,Brandenburg
664.,Gauting(*),15.153,17.886,17.948,19.029,20.005,20.552,Bayern
665.,Luckenwalde,29.000,27.496,25.668,22.389,20.471,20.522,Brandenburg
666.,Traunstein,18.171,17.078,17.544,17.996,18.845,20.520,Bayern
667.,Panketal(*)34,9.109(d),8.408(b),7.684,11.542,19.132,20.519,Brandenburg
668.,Senden(*),6.094(a),14.428,15.341,19.562,20.778,20.493,Nordrhein-Westfalen
669.,Mössingen,9.327,14.208,16.907,18.986,20.039,20.480,Baden-Württemberg
670.,Duderstadt,10.943,22.846,23.021,23.156,21.722,20.466,Niedersachsen
671.,Enger,15.808,16.128,17.194,19.963,20.010,20.461,Nordrhein-Westfalen
672.,Bruchköbel,8.707(a),17.918,18.305,20.396,20.572,20.427,Hessen
673.,Wachtberg(*),11.882,16.563,17.281,18.870,20.202,20.414,Nordrhein-Westfalen
674.,Meinerzhagen,17.749,19.042,19.907,21.884,20.838,20.397,Nordrhein-Westfalen
675.,Nördlingen,19.120,18.562,18.794,19.660,19.023,20.379,Bayern
676.,Burgwedel32,5.494(a),18.573,18.314,19.861,20.487,20.369,Niedersachsen
677.,Rheinstetten33,17.348,18.814,19.405,20.333,20.552,20.340,Baden-Württemberg
678.,Nidderau,5.797,14.082,15.639,19.689,19.859,20.333,Hessen
679.,Schortens,14.523,20.119,19.485,21.299,20.691,20.329,Niedersachsen
680.,Haßloch(*),17.684,17.677,19.272,20.781,20.416,20.326,Rheinland-Pfalz
681.,Mühldorf am Inn,14.523,14.598,15.314,17.326,17.827,20.323,Bayern
682.,Stadtlohn,15.470,16.723,17.713,20.237,20.631,20.322,Nordrhein-Westfalen
683.,Wittmund,6.670(a),19.180,19.469,21.471,20.756,20.321,Niedersachsen
684.,Bad Waldsee,7.833,14.405,16.451,19.026,19.938,20.308,Baden-Württemberg
685.,Schwanewede(*),8.310,17.629,16.989,19.218,19.904,20.300,Niedersachsen
686.,Uetze(*),5.478,17.052,17.619,19.742,20.145,20.280,Niedersachsen
687.,Bad Salzungen,15.623,20.777,21.260,17.086,15.851,20.244,Thüringen
688.,Neufahrn bei Freising(*),8.735,14.165,15.137,17.452,19.046,20.223,Bayern
689.,Schifferstadt,17.148,17.250,17.909,18.893,19.375,20.193,Rheinland-Pfalz
690.,Zülpich,,16.538,17.298,19.444,20.005,20.174,Nordrhein-Westfalen
691.,Hörstel,4.940,15.542,15.772,19.371,19.883,20.141,Nordrhein-Westfalen
692.,Neustrelitz,27.806,27.201,26.124,23.333,21.207,20.140,Mecklenburg-Vorpommern
693.,Lichtenfels,11.383,20.276,20.963,21.625,20.555,20.133,Bayern
694.,Greiz,39.247,36.779,32.408,26.177,21.792,20.103,Thüringen
695.,Wilnsdorf(*),16.272,19.126,20.497,21.637,20.752,20.088,Nordrhein-Westfalen
696.,Donauwörth,17.116,17.860,17.677,18.020,18.240,20.080,Bayern
697.,Oberkirch,8.418,16.550,17.619,19.879,19.961,20.066,Baden-Württemberg
698.,Torgau,21.688,21.453,22.832,19.426,19.688,20.065,Sachsen
699.,Dillingen/Saar,11.488,20.742,21.861,21.444,20.808,20.048,Saarland
700.,Bad Schwartau,16.754,19.510,20.224,20.098,19.714,20.036,Schleswig-Holstein
